[
    {
        "id": 1,
        "title": "Steel Ball Run",
        "image": "sbr.jpg",
        "writer": "Hirohiko Araki",
        "published": 2004,
        "gender": "manga",
        "stock": 1
    }, {
        "id": 2,
        "title": "Veinte mil leguas de viaje submarino",
        "image": "vls.jpg",
        "writer": "Julio Verne",
        "published": 1869,
        "gender": "novel",
        "stock": 2
    }, {
        "id": 3,
        "title": "Los juegos del hambre Sinsajo",
        "image": "ljh.jpg",
        "writer": "Suzanne Collins",
        "published": 2008,
        "gender": "sci-fi",
        "stock": 3
    }, {
        "id": 4,
        "title": "El ultimo heroe del Olimpo",
        "image": "euh.jpg",
        "writer": "Rick Riordan",
        "published": 2009,
        "gender": "greek mythology",
        "stock": 4

    }, {
        "id": 5,
        "title": "The Maze Runner",
        "image": "tmr.jpg",
        "writer": "James Dashner",
        "published": 2009,
        "gender": "young adult fiction",
        "stock": 5
    }
]